ID,Name
1,Roger Booth
2,Michael Massey
3,Stephen Tucker
4,Michael Zimmerman
5,Anna Boyer
6,Morgan Byrd
7,Jennifer Obrien
8,Jessica Mueller
9,Trevor Burton
10,Timothy Santos
11,Charles Ward
12,Tina Moon
13,Laurie Gibson
14,Michael Whitaker
15,Hannah Lozano
16,Daniel Cunningham
17,Regina Fuentes
18,Michael Oneill
19,Rachel Green DVM
20,Douglas Dyer
21,Tiffany Taylor
22,Brent Richardson
23,Michael Sanders
24,Kimberly Smith
25,Vincent Phillips
26,Christina Fitzpatrick
27,William Woods
28,Joseph Hickman
29,Ryan Benjamin PhD
30,Eric Young
31,Michael Porter
32,Dustin Lynch
33,Jose Ferguson
34,Olivia Kelley
35,Jerry Ortiz
36,David Santana
37,Jared Reed
38,Madison Schmidt
39,Christopher Rogers
40,Sandra Rivera
41,Dustin Hooper
42,Cassandra Tanner
43,Francisco Robinson
44,Mark Willis
45,Jeffrey Phillips
46,Peter Ward
47,Robin Perez
48,Erica Payne
49,Julie Jenkins
50,Dennis Delgado
51,Jesse Nguyen
52,Stanley Molina
53,Beverly Preston
54,Tara Woods
55,Robert West
56,Christine Yang
57,Cheyenne Garcia
58,Angela Fry
59,James Thomas
60,Eric Hanna
61,Robert Rowland
62,Laura Chang
63,Adam Ellis
64,Gary Burton
65,Jennifer Davis
66,Stephanie Kennedy
67,Robert Smith DDS
68,Todd Stevens
69,Alyssa Barnes
70,Alexander Black
71,Antonio Wright
72,Robert Ferguson
73,Julie Washington
74,Martha Turner
75,Stephen Shaw
76,Susan Jordan
77,Mr. Anthony Stanley MD
78,Carolyn Martinez
79,Ebony Mayo
80,Mr. Michael Robertson
81,Donald Mcdonald
82,Eric Reyes
83,Jason Scott
84,Tracy Hodge
85,Ariana Garrett
86,Jessica Clements
87,Troy Hendrix
88,Thomas Snyder
89,Debra Sanders
90,Adam Edwards
91,Matthew Bright
92,Tara Johnson
93,Alan Valencia
94,Joshua Everett
95,Tony Williams
96,Jennifer Hahn
97,Madeline Ferrell
98,Deborah Hall
99,Natalie Taylor
100,Joseph Price
